id,Full Name,year of birth,Gender,Zip Code
1,Robert Stanley,1974,M,85711
2,Heather Bossey,1945,F,94043
3,Don Davis,1975,M,32067
4,Daniel Mccauley,1974,M,43537
5,Janice Mccullough,1965,F,15213
6,Donald Lampley,1956,M,98101
7,Robert Chase,1941,M,91344
8,Frank Trivino,1962,M,05201
9,Grover Elzey,1969,M,01002
10,Joshua Reynolds,1945,M,90703
11,Wilma Fisher,1959,F,30329
12,Lea Cascio,1970,F,06405
13,Clinton Graham,1951,M,29206
14,Christopher Fairey,1953,M,55106
15,Esther White,1949,F,97301
16,Matthew Brentley,1977,M,10309
17,Bryan Cloutier,1968,M,06355
18,Anne Edie,1963,F,37212
19,Louis Swanger,1958,M,02138
20,Rita Gilford,1956,F,95660
21,Ervin Martin,1972,M,30068
22,Steven Mcclellan,1973,M,40206
23,Betty Sanchez,1968,F,48197
24,Doris Gresham,1977,F,94533
25,Scott Southerland,1959,M,55107
26,Tristan Dwyer,1949,M,21044
27,Charlotte Smith,1958,F,30030
28,Wayne Patterson,1966,M,55369
29,David Tapp,1957,M,94043
30,Andrew Roberts,1991,M,55436
31,Maurice Yundt,1974,M,10003
32,Stacey Sisk,1970,F,78741
33,Clarence Wetherell,1975,M,27510
34,Adelia Roth,1960,F,42141
35,Ester West,1978,F,42459
36,Maria Kaplan,1979,F,93117
37,Harold Shipley,1975,M,55105
38,Lucille Bussell,1970,F,54467
39,Timothy Naranjo,1957,M,01040
40,Chadwick Emerson,1960,M,27514
41,Steven Torres,1965,M,80525
42,Wilburn Evans,1968,M,17870
43,Lucille Mendoza,1969,F,20854
44,James Davis,1972,M,46260
45,Sammie Dang,1969,M,50233
46,Sondra Helbig,1971,F,46538
47,Howard Wisniewski,1945,M,07102
48,John Rehrig,1953,M,12550
49,Mary Henderson,1975,F,76111
50,Patrick Francis,1977,M,52245
51,Victor Keeley,1970,M,16509
52,Leona Otero,1980,F,55105
53,Doyle King,1972,M,55414
54,Robert Johnson,1976,M,66315
55,Agustin Jones,1961,M,01331
56,Patrick Miller,1973,M,46260
57,Bradford Calumag,1982,M,84010
58,Grady Cavanagh,1971,M,52246
59,Allen Wilson,1949,M,08403
60,Alex Mcmichael,1948,M,06472
61,John Durbin,1962,M,30040
62,Margaret Pena,1971,F,97214
63,Angelo Rasmussen,1967,M,75240
64,Zachary Bell,1966,M,43202
65,Sherry Swanson,1947,F,48118
66,William Robson,1975,M,80521
67,Neal Hutchins,1981,M,60402
68,James Smittle,1979,M,22904
69,Mitchell Mckinney,1974,M,55337
70,Tom Porter,1971,M,60067
71,Kevin Nolan,1959,M,98034
72,Michelle Mccard,1950,F,73034
73,Bradley Blackwell,1974,M,41850
74,Doug Rottenberg,1959,M,T8H1N
75,Michael Hoover,1974,M,08816
76,Edward Farrior,1978,M,02215
77,Steven Stockton,1968,M,29379
78,Kenneth Elliott,1972,M,61801
79,Michelle Faulkner,1959,F,03755
80,Lisa Avila,1964,F,52241
81,Gerald Crose,1977,M,21218
82,Ruben Dickson,1948,M,22902
83,Ignacio Garcia,1958,M,44133
84,Victor Thomas,1966,M,55369
85,Angel Brunson,1947,M,20003
86,William Tackett,1972,M,46005
87,Clyde Gillette,1951,M,89503
88,Genevieve Perryman,1949,F,11701
89,Michelle Henry,1955,F,68106
90,Joe Riegel,1938,M,78155
91,Kenneth Sliva,1943,M,01913
92,Terry Armstrong,1966,M,80525
93,Jeffrey Sheets,1950,M,23112
94,Jeremy Gibson,1972,M,71457
95,Christopher Parker,1967,M,10707
96,Carole Greaves,1973,F,75206
97,Leon Perry,1955,M,98006
98,Marla Amsterdam,1949,F,90291
99,Edward Byrd,1978,M,63129
100,Antonio Mcmillian,1962,M,90254
101,William Childers,1983,M,05146
102,Samuel Mittlestadt,1960,M,30220
103,Lynn Mickel,1972,M,55108
104,Reginald Locklear,1971,M,55108
105,Darryl Lewis,1974,M,94043
106,Norman Lange,1937,M,55125
107,Bobby Schluter,1959,M,60466
108,Alfred Pridgen,1954,M,63130
109,Christopher Perdue,1969,M,55423
110,Larry Napoli,1979,M,77840
111,Frank Campbell,1941,M,90630
112,Paul Lonergan,1968,M,60613
113,Albert Key,1951,M,95032
114,Ward Farris,1971,M,75013
115,Richard Robinson,1967,M,17110
116,Mark Tristan,1958,M,97232
117,Roger Bewick,1978,M,16125
118,Michael Vegetabile,1977,M,90210
119,Jim Bennett,1966,M,67401
120,Sophia Mitchell,1951,F,06260
121,Manuel Robinson,1944,M,99603
122,Gail Clark,1966,F,22206
123,Myrna Baker,1950,F,20008
124,Jason Greene,1964,M,60615
125,Charlie Bradley,1968,M,22202
126,Jennifer Becerra,1970,F,20015
127,Willis Jochum,1965,M,73439
128,Doris Leung,1974,F,20009
129,Martha Paulson,1962,F,07039
130,Luis Lineberger,1978,M,60115
131,Ruby Ceballos,1939,F,15237
132,Monte Player,1974,M,94612
133,Bernard Clemon,1945,M,78602
134,Al Phillips,1967,M,80236
135,Martin Shelton,1975,M,38401
136,Carlos Speigel,1947,M,97365
137,Alan Sifuentes,1948,M,84408
138,Michael Stanley,1952,M,53211
139,Tyler Inman,1978,M,08904
140,Melissa Macias,1968,F,32250
141,Marvin Felts,1949,M,36117
142,Dave Tanner,1985,M,48118
143,Joshua Baum,1956,M,08832
144,Harry Hearn,1945,M,20910
145,Michael Tshudy,1967,M,V3N4P
146,Eugene Sutton,1953,M,83814
147,Nicole Drake,1958,F,02143
148,Jacob Edwards,1965,M,97006
149,Cecelia Cobbley,1963,F,17325
150,Joyce Randle,1978,F,02139
151,Johnnie Scott,1960,F,48103
152,Teresa Brice,1965,F,68767
153,Robert Southwick,1973,M,60641
154,Gerald Whitten,1973,M,53703
155,Erline Miller,1966,F,11217
156,Michael Gallardo,1973,M,08360
157,Matthew Weese,1941,M,70808
158,Thomas Thomas,1948,M,27606
159,Fae Rodriguez,1975,F,55346
160,Randy Mix,1971,M,66215
161,Henry Stringfellow,1948,M,55104
162,Thomas Harlin,1973,M,15610
163,David Hearn,1949,M,97212
164,Allen Iezzi,1951,M,80123
165,Brittany Mcgehee,1978,F,53715
166,Marlin Narvaez,1951,M,55113
167,Randall Brown,1961,M,L9G2B
168,Charles Oden,1950,M,80127
169,Essie Williams,1946,F,53705
170,Anna Keifer,1945,F,30067
171,Mary Stephens,1950,F,78750
172,Robert Santiago,1943,M,22207
173,Raymond Rhyne,1942,M,22306
174,Joann Kirkman,1968,F,52302
175,Marge Copeland,1972,F,21911
176,Clarence Hamilton,1970,M,07030
177,Robert Thomas,1978,M,19104
178,John Broadnax,1972,M,49512
179,Jason Kovacs,1983,M,20755
180,Nicole Loomis,1976,F,60202
181,Ricardo Carrillo,1972,M,21218
182,Samuel Mercado,1962,M,33884
183,Robert Long,1965,M,27708
184,Bobby Miller,1961,M,76013
185,Laura Smith,1945,F,97403
186,Sophie Marsh,1959,F,00000
187,Robert Vrbka,1972,M,16801
188,Samuel Hansen,1956,M,29440
189,David Pfeiffer,1966,M,95014
190,William Williams,1968,M,95938
191,Antonio Aune,1965,M,95161
192,Fred Ford,1956,M,90840
193,Jeremy Weafer,1969,M,49931
194,William Page,1960,M,02154
195,Curt Cashdollar,1956,M,93555
196,Ronald Ramey,1949,M,55105
197,Arthur Osman,1943,M,75094
198,Janice Dage,1977,F,55414
199,Alberto Proulx,1968,M,17604
200,Scott Soders,1958,M,93402
201,David Pearsall,1971,M,E2A4H
202,Barbara Vanhoy,1957,F,60201
203,Suzanne Lee,1973,F,32301
204,Marilyn Robinson,1946,F,10960
205,John Sage,1951,M,06371
206,Mary Aranda,1984,F,53115
207,Chad Brammer,1959,M,92037
208,Gary Knott,1955,M,01720
209,Cory Harvey,1965,F,85710
210,Robert Figueroa,1959,M,03060
211,Charles Kline,1932,M,32605
212,Sharon Strickland,1949,F,61401
213,David Rice,1965,M,55345
214,Nadia Paschal,1972,F,11231
215,Gary Jean,1963,M,63033
216,William Irvin,1976,M,02215
217,William Ryan,1976,M,11727
218,Michael Randall,1961,M,06513
219,Raymond Cote,1966,M,43212
220,Darrell Avent,1968,M,78205
221,Steven Perez,1979,M,20685
222,Justin Winkler,1969,M,27502
223,Glenda Haley,1979,F,47906
224,Stacy Burgo,1967,F,43512
225,Jeannette Jarrette,1947,F,58202
226,Taylor Edwards,1970,M,92103
227,John Jones,1952,M,60659
228,Lisa Oneil,1977,F,22003
229,Florance Spraggins,1969,F,22903
230,Lee Wagner,1970,F,14476
231,Freeman Rudolph,1950,M,01080
232,Stephen Blair,1953,M,99709
233,Earl Hopkins,1960,M,98682
234,Austin Garcia,1938,M,94702
235,Jae Bence,1961,M,22973
236,Olga Magallan,1954,F,53214
237,Warren Dyckman,1949,M,63146
238,Rebecca Finnie,1956,F,44124
239,David Mohamed,1959,M,95628
240,Mary Woodward,1975,F,20784
241,Doreen Morgan,1972,F,20001
242,Michael Serra,1965,M,31404
243,Leonard Mcclain,1965,M,60201
244,William Smith,1970,M,80525
245,Tim Steele,1976,M,55109
246,Marlon Pursell,1979,M,28734
247,Richard Mcgehee,1970,M,20770
248,Nathan Cook,1973,M,37235
249,Brett Ellingsworth,1973,M,84103
250,Roy Verrastro,1969,M,95110
251,Corey Todd,1970,M,85032
252,Eugene Riddle,1956,M,07733
253,Michelle Hamel,1972,F,22903
254,Scott Johnson,1954,M,42647
255,Paul Hayden,1975,M,07029
256,Alexandra Poitier,1963,F,39042
257,Roger Bass,1981,M,77005
258,Marlene Watters,1979,F,77801
259,Allen Oliver,1977,M,48823
260,Christine Miller,1958,F,89801
261,Donald Dunn,1970,M,85202
262,Tamatha Thomas,1979,F,78264
263,Justin Pullon,1957,M,55346
264,Sandra Jackiewicz,1962,F,90064
265,Russel Gomez,1972,M,84601
266,Bobbie Evans,1936,F,78756
267,Michael Houston,1975,M,83716
268,Edward Tomlinson,1974,M,19422
269,Bertha Hargis,1967,F,43201
270,Charlotte Brockway,1980,F,63119
271,Royce Melcher,1947,M,22932
272,Ronald George,1965,M,53706
273,Betty Mccain,1948,F,10016
274,Beatrice Bass,1978,F,55414
275,Jarred Romiro,1960,M,92064
276,Kevin Benincase,1977,M,95064
277,Jacquline Stroman,1963,F,55406
278,Olivia Kalish,1961,F,30033
279,Louis Hare,1965,M,85251
280,Mary Cherry,1968,F,22903
281,Cleopatra Greene,1983,F,06059
282,Thomas Rathbum,1976,M,20057
283,Howard Hurdle,1970,M,55305
284,Robert Riley,1958,M,92629
285,Walter Swatzell,1973,M,53713
286,Brian Davis,1971,M,15217
287,Ray Northcutt,1977,M,31211
288,John Fontaine,1964,M,23226
289,Johnny Cortes,1987,M,94619
290,Luther Mcdowell,1958,M,93550
291,Ronald Sauls,1979,M,44106
292,Hazel Strauss,1963,F,94703
293,Mark Stanton,1974,M,60804
294,Felix Hawkins,1964,M,92110
295,Robert Peters,1967,M,50325
296,Michele Hollis,1955,F,16803
297,Dolores Klien,1969,F,98103
298,Joseph Hill,1954,M,01581
299,Everett Davis,1969,M,63108
300,Laura Innis,1972,F,55106
301,Steve Villani,1974,M,55439
302,Albert Weatherly,1956,M,77904
303,Miguel Hall,1979,M,14853
304,June Cradduck,1976,F,71701
305,Allen Duff,1975,M,94086
306,Nathaniel Vasquez,1953,M,73132
307,Randy Jackson,1973,M,55454
308,John Wayne,1938,M,95076
309,William Martinez,1958,M,70802
310,William Stelter,1961,M,91711
311,James Massey,1966,M,73071
312,Nick Wilson,1950,M,02110
313,Stanley Salazar,1957,M,60035
314,Mattie Bryant,1978,F,08043
315,Thomas Pearson,1967,M,18301
316,Tina Potter,1955,F,77009
317,David Odougherty,1976,M,13210
318,Russell Likes,1933,M,06518
319,Todd Baughman,1960,M,22030
320,Dean Barley,1979,M,24060
321,Sarah Becraft,1949,F,55413
322,Sam Engelbrecht,1978,M,50613
323,Samuel Adkison,1977,M,19149
324,Janet Moldrem,1977,F,02176
325,Jeffrey Choi,1950,M,02139
326,Mark Delgado,1957,M,15235
327,Ramon Hudson,1976,M,11101
328,Scott Jones,1947,M,06779
329,James Wilson,1950,M,01720
330,Gerri Horton,1963,F,33884
331,Alex Judy,1965,M,91344
332,Michael Field,1978,M,40504
333,Bruce Smith,1951,M,V0R2M
334,John Cherry,1966,M,30002
335,Ralph Sanchez,1953,M,33775
336,Todd Cheng,1975,M,42101
337,Ryan Hill,1961,M,10522
338,Maybelle Mcirvin,1959,F,59717
339,Timothy Stewart,1963,M,37901
340,Roy Jackson,1952,M,80123
341,Anna Cates,1981,F,44405
342,Jackie Jantzen,1973,F,98006
343,Walter Johnson,1955,M,30093
344,Latasha Killingsworth,1968,F,94117
345,Stacey Mendoza,1970,F,94143
346,Mark Vantassel,1964,M,76059
347,Keith Pye,1980,M,90210
348,Catherine Kent,1974,F,45660
349,Rico Black,1930,M,61455
350,Gene Lacy,1966,M,97301
351,Jose Waldron,1937,M,49938
352,Allison Moyer,1961,F,55105
353,Ryan Ponzi,1973,M,28480
354,Vernell Jimenez,1969,F,48197
355,Herbert Frasher,1973,M,60135
356,Holly Garcia,1966,F,92688
357,Herschel Lepe,1972,M,98133
358,Brian Hunter,1958,M,10022
359,Wesley Rivers,1976,M,61801
360,John Labine,1947,M,98027
361,Scott Locklear,1976,M,44074
362,Susan Michell,1963,F,85233
363,Perry Hanna,1978,M,87501
364,Larry Richards,1935,M,01810
365,Robert Zelaya,1969,M,20009
366,Janet Locher,1978,F,50670
367,Aaron Su,1981,M,37411
368,John Gronlund,1980,M,92113
369,Fred James,1974,M,91335
370,Andrew Johnson,1946,M,08534
371,Douglas Baez,1962,M,99206
372,Constance Bigham,1973,F,66046
373,Rose Cash,1974,F,55116
374,Johnny Heitmann,1962,M,78746
375,Michael Winebrenner,1981,M,37777
376,Mayra Bingham,1970,F,10010
377,Eric Maio,1976,M,18015
378,John Rush,1963,M,02859
379,Fred Hawkins,1954,M,98117
380,Earl Carter,1966,M,55117
381,Ernest Hazelhurst,1965,M,94608
382,Donald Bader,1953,M,01824
383,Jerry Mooney,1956,M,75204
384,Mark Jones,1946,M,45218
385,Jeremy Mincey,1962,M,10003
386,Robert Garcia,1962,M,43221
387,Bryan Robbins,1965,M,37412
388,William Campbell,1967,M,36106
389,Kathryn Byrd,1954,F,83702
390,Krystal Johnson,1956,F,85016
391,David Tignor,1975,M,84604
392,Jermaine Gasaway,1946,M,59801
393,Carl Massa,1979,M,83686
394,Howard Bosch,1973,M,96819
395,Albert Marchand,1955,M,44092
396,Monty Barrett,1941,M,94551
397,Raymond Witt,1981,M,27514
398,David Gilman,1958,M,60008
399,Oscar Fuentes,1973,M,92374
400,Mary Hayton,1965,F,78213
401,Adrienne Tyler,1952,F,84107
402,Clifford Morrow,1968,M,95129
403,Michael Henson,1961,M,06811
404,Oleta Piche,1969,F,55108
405,Melissa Harris,1976,F,10019
406,Michael Wheeler,1946,M,93109
407,Michael Schaeffer,1969,M,03261
408,Jesus Prokop,1975,M,61755
409,Joseph Stommes,1950,M,98225
410,Suzette Leinweber,1968,F,94025
411,Roger Anderson,1964,M,44691
412,Terrence Hilbert,1973,M,15222
413,Ronald Smith,1943,M,78212
414,Efren Tucker,1974,M,38115
415,Daniel Blue,1959,M,85711
416,Monica Morano,1978,F,92626
417,Elizabeth Luebke,1971,F,48103
418,Misty Atkinson,1943,F,21206
419,Joseph Johnson,1961,M,43215
420,Gerald Durrance,1945,M,02140
421,Gloria Porter,1960,F,55105
422,Isaac Landry,1972,M,94533
423,Horace Daniels,1934,M,91606
424,Nellie Peterson,1962,F,55422
425,Jason Aybar,1979,M,58644
426,Charles Bergmark,1943,M,01602
427,Eric Jones,1947,M,85258
428,Robert Johnson,1970,M,55414
429,John Watts,1971,M,29205
430,Ernest Hamilton,1960,M,98199
431,Michael Urban,1974,M,92629
432,Matthew Russell,1976,M,50311
433,Victor Sutch,1971,M,11211
434,Peggy Snavely,1982,F,49705
435,James Ivey,1974,M,60007
436,Faye Mann,1968,F,17345
437,Elsie Carella,1971,F,20009
438,Violet Hudson,1947,F,43204
439,Brandi Smith,1975,F,20817
440,Robert Anthony,1968,M,48076
441,Ralph Gochenour,1948,M,55013
442,Benjamin Lawson,1976,M,85282
443,Jimmy Pena,1963,M,33308
444,Jackeline Bermudez,1947,F,53202
445,Christopher Gladstone,1977,M,92653
446,Thomas Porter,1941,M,60201
447,Herbert Wilson,1968,M,55113
448,William Lewis,1975,M,10021
449,Jeremy Phanco,1975,M,55021
450,Courtney Villarreal,1963,F,11758
451,James Beaver,1982,M,48446
452,Keith Bangs,1963,M,28018
453,Jonathon Yow,1980,M,06333
454,Thomas Schenkel,1941,M,97330
455,Eric Rowe,1950,M,83709
456,Bernard Brown,1974,M,31820
457,Melissa Wolford,1965,F,30011
458,Steven Achee,1951,M,Y1A6B
459,Scott Peterson,1976,M,29201
460,Romona Henderson,1954,F,60630
461,Mark Posthuma,1983,M,98102
462,Jeanna Smith,1979,F,02918
463,Vickie Wilson,1950,F,75218
464,Jeff Smith,1938,M,94583
465,Jerald Bower,1966,M,05001
466,Ramon Plumley,1976,M,90804
467,John Jones,1969,M,91201
468,Frank Laprade,1970,M,02341
469,Michael Mccracken,1938,M,78628
470,Roger Lacour,1974,M,10021
471,James Harding,1988,M,77459
472,Johnny Chambliss,1974,M,87544
473,Joshua Vigor,1969,M,94708
474,Michael Puffinburger,1947,M,93711
475,Luke Mullenix,1968,M,75230
476,Matthew Butler,1970,M,60440
477,Kristin Williams,1975,F,02125
478,Joseph Martin,1969,M,10019
479,Bruce Switzer,1968,M,55409
480,Aaron Porch,1941,M,98257
481,Steven Scott,1925,M,37771
482,Debra Machenry,1980,F,40256
483,Joseph Anderson,1969,M,43212
484,Gary Carbonaro,1971,M,21208
485,Farah Castellano,1954,F,95821
486,Alan Mcknight,1959,M,93101
487,Daniel Martinez,1976,M,92121
488,Daniel Guillaume,1950,M,21012
489,James Thomas,1943,M,45218
490,Diane Ochwat,1969,F,V5A2B
491,Alisha Cooper,1955,F,53711
492,Jamar Rodriguez,1941,M,94618
493,Matthew Vang,1976,M,60090
494,Joan Martin,1960,F,49428
495,Robert Thielman,1969,M,03052
496,Esther Aldridge,1977,F,55414
497,Jack Brown,1978,M,50112
498,Paul Mccarthy,1972,M,55408
499,Walter Mcneil,1956,M,75006
500,Jerome Martin,1970,M,94305
501,William Johnson,1976,M,10025
502,Dennis Navarro,1976,M,23092
503,Lisa Sanders,1948,F,27514
504,Mary Fuentes,1958,F,92115
505,Susan Sears,1971,F,20657
506,William Hoover,1952,M,03869
507,Sandra Sigrist,1980,F,28450
508,Edward Gilbert,1971,M,19382
509,Donald Wallace,1975,M,10011
510,Henry Ratliff,1964,M,98038
511,Michael Thomas,1976,M,21250
512,Richard Rubino,1969,M,20090
513,Glen Lam,1955,M,26241
514,Ryan White,1971,M,20707
515,Derek Stonge,1945,M,49508
516,Eleanor Puentes,1945,F,10021
517,Nathaniel Lawson,1974,M,55454
518,Sheila Lambert,1949,F,99709
519,John Nelson,1976,M,55320
520,Ernest Reaves,1936,M,12603
521,Robert Smith,1979,M,02146
522,Craig Warfield,1962,M,55443
523,Tiffany James,1948,F,04102
524,Wallace Mccleese,1942,M,02159
525,Betty Barton,1971,F,19711
526,Nicholas Hoyt,1968,M,97124
527,Richard Gibson,1965,M,12180
528,Brady Rimmer,1980,M,55104
529,Georgetta Scott,1951,F,44224
530,Christopher Gonzales,1969,M,94040
531,Elizabeth Kirk,1968,F,97408
532,Frank Roberts,1978,M,92705
533,Christopher Valdes,1955,M,02324
534,Adam Norris,1978,M,05464
535,Rose Basinski,1953,F,80302
536,Daniel Merriweather,1960,M,30078
537,Juan Pauley,1962,M,22902
538,Jermaine Ledoux,1967,M,21010
539,Junita Albanese,1945,F,80303
540,David Haro,1970,M,91201
541,Nicole Lavoie,1979,F,84302
542,Ray Pauley,1977,M,60515
543,Brian Smith,1965,M,95123
544,Sandy Servoss,1954,F,29464
545,James Pitt,1971,M,08052
546,Simon Vaillancourt,1962,M,22911
547,Jason Smith,1948,M,14534
548,Kevin Smith,1947,M,95468
549,Paul Harris,1956,M,45680
550,Starla Hall,1982,F,95453
551,William Brown,1973,M,55414
552,Wilbert Cavazos,1953,M,68147
553,John Brown,1940,M,62901
554,Anthony Smith,1966,M,62901
555,Maxine Wu,1969,F,23227
556,Christi Renner,1963,F,30606
557,Kimberly Fields,1968,F,11217
558,Rose Mcfarlane,1942,F,63132
559,James Beach,1929,M,10022
560,Albert Crisci,1966,M,10003
561,David Roddy,1975,M,60005
562,Christine Meierhofer,1944,F,20879
563,April Patton,1959,F,32707
564,William Isaman,1933,M,94591
565,Dan Castaneda,1958,M,55422
566,Fredric Cyr,1978,M,14627
567,Samuel Cross,1974,M,10003
568,Leo Fisher,1959,M,01915
569,Robert Culver,1964,M,91903
570,Christian Brooks,1972,M,14627
571,Paul Rico,1964,M,01945
572,Juan Grey,1947,M,20003
573,Tyler Wendelin,1930,M,48911
574,David Eldred,1942,M,53188
575,Thomas Carson,1965,M,46032
576,Gary Williams,1950,M,98281
577,Flora Erlandson,1962,F,77845
578,Luis Quinnie,1967,M,M7A1A
579,Charlie Lee,1966,M,48103
580,James Floresca,1982,M,17961
581,Hugh Borges,1961,M,94131
582,Tom Brooks,1981,M,93003
583,Jeffery Rivera,1954,M,29631
584,Calvin Lamm,1973,M,27511
585,Dexter May,1929,M,98501
586,Michael Wooldridge,1978,M,79508
587,James Kerstetter,1972,M,14216
588,Michelle Freed,1980,F,93063
589,Jamie Lewis,1977,M,90034
590,Howard Hill,1948,M,82435
591,Lavera Moorehouse,1941,F,92093
592,Manuel Pryor,1980,M,97520
593,Linda Field,1967,F,68767
594,Mark Dodd,1952,M,M4J2K
595,Jesse Wake,1973,M,31909
596,Roy Sexton,1978,M,77073
597,Terrell Degasperis,1975,M,84116
598,Esther Mcgregor,1958,F,43085
599,Carolyn Vallarta,1976,F,R3T5K
600,David Burmeister,1964,M,02320
601,Mavis Stack,1979,F,99687
602,Dorothy Denis,1951,F,34656
603,Emanuel Reier,1977,M,47905
604,Nicholas Mccants,1959,M,11787
605,Robert Rippel,1965,M,33716
606,Andrew Liestman,1970,M,63044
607,Armida Kruse,1949,F,02154
608,Joshua Trudel,1976,M,10003
609,Lois Boles,1985,F,55106
610,Michael Bramble,1976,M,21227
611,Don Riffe,1952,M,77008
612,Joe Magelssen,1962,M,79070
613,Juliana Locklear,1961,F,29678
614,William Brock,1944,M,80227
615,Roger Reyes,1960,M,27705
616,Vance Eversole,1943,M,50613
617,Brittany Mathis,1971,F,11201
618,Jacqueline Abbott,1983,F,44212
619,Bernard Mcconnell,1981,M,44134
620,Beth Scerbo,1980,F,81648
621,Alan Floyd,1981,M,60402
622,Kenneth Schwartz,1973,M,14850
623,Ruth Smith,1948,F,60187
624,William Gray,1979,M,30067
625,Martin Kim,1971,M,20723
626,Ted Lozano,1975,M,19807
627,Mark Potter,1974,M,08034
628,Kyle Cook,1985,M,94306
629,Annie Maddox,1952,F,44224
630,Linda Russell,1972,F,55408
631,Maxine Snyder,1980,F,38866
632,Juan Bankhead,1980,M,55454
633,Martin Flath,1963,M,55414
634,Jack Powell,1959,M,T8H1N
635,John Taylor,1976,M,23237
636,Alexander Gentry,1951,M,48043
637,James Mckoy,1968,M,74101
638,Bob Yang,1953,M,01940
639,Maria Gary,1956,F,12065
640,Mike Larsen,1978,M,61801
641,Jose Paddick,1974,M,60626
642,Margaret Raymer,1980,F,95521
643,John Krausz,1959,M,55122
644,Jack Murgia,1947,M,63645
645,William Roshia,1971,M,53211
646,Pamela Tucker,1981,F,51250
647,Craig Clark,1958,M,45810
648,James Grosbier,1955,M,91351
649,Robert Cruz,1978,M,39762
650,Keith Powell,1956,M,83814
651,Juan Lowe,1933,M,02903
652,Ryan Middleton,1963,M,22911
653,Michael Beers,1967,M,55105
654,Judith Evans,1971,F,78739
655,Susan Hubbs,1948,F,60657
656,Ivan Akers,1950,M,10314
657,Kathleen Borgmeyer,1972,F,78704
658,Christian Becker,1965,M,92626
659,Robert Mattison,1967,M,54248
660,Timothy Rufino,1972,M,77380
661,George Tipton,1970,M,98121
662,Ronnie Bombard,1943,M,19102
663,Brent Durbin,1972,M,19341
664,Weston Munguia,1968,M,94115
665,Mario Handly,1973,M,55412
666,Robert Thomas,1954,M,61820
667,Josh Kunert,1963,M,01970
668,Sharon Mills,1969,F,10016
669,Patrick Huling,1961,M,20009
670,William Siefert,1968,M,21114
671,Juan Pruitt,1977,M,91919
672,Felecia Ramirez,1944,F,90095
673,Charles Cherry,1947,M,22906
674,Beatrice Conder,1985,F,55337
675,Anthony Postel,1964,M,28814
676,Brandon Weldon,1968,M,32712
677,Lloyd Deyoung,1978,M,99835
678,Manuel Gibson,1948,M,61462
679,Edith Englert,1978,F,54302
680,Shawn Pralle,1965,M,90405
681,Amber Ross,1954,F,97208
682,Mark Gervais,1975,M,55128
683,Vernon Flower,1956,M,23509
684,Timothy Coke,1970,M,55414
685,Janice Blalock,1966,F,55409
686,David Brokaw,1966,M,26506
687,Donna Bruce,1967,F,27713
688,Eleanor Smithson,1961,F,60476
689,Kevin Hernandez,1973,M,45439
690,James Gonzalez,1963,M,63304
691,Jonathan Johnson,1964,M,60089
692,James Maglio,1964,M,18053
693,Lisa Lawrence,1955,F,85210
694,Jeffrey Ramos,1938,M,06365
695,Jack Fess,1972,M,38115
696,George Lafountain,1943,M,94920
697,David Villegas,1973,M,77042
698,Mary Burrough,1970,F,06906
699,Ralph Smith,1954,M,96754
700,Ulysses Hare,1981,M,76309
701,Barbara Loepp,1947,F,56321
702,Antonio Jackson,1961,M,89104
703,Emanuel Collins,1972,M,49512
704,Rose Helbling,1947,F,91105
705,Michelle Llanes,1977,F,54494
706,Adam Lintz,1975,M,55454
707,Ruth Hawkins,1942,F,19146
708,Helen Roberts,1972,F,96349
709,Carlos Mielke,1977,M,N4T1A
710,Marc Puff,1979,M,92020
711,Odessa Sherrill,1976,F,15203
712,Betty Martinez,1976,F,54901
713,Megan Brockington,1956,F,07204
714,William Torres,1972,M,55343
715,Gene Siple,1977,M,91206
716,Cassie Curtis,1962,F,44265
717,Andy Perry,1974,M,84105
718,James Pickard,1956,M,64118
719,Shawna Smith,1961,F,V0R2H
720,Margaret English,1949,F,16506
721,Nancy Fisher,1974,F,11238
722,Melissa Carriaga,1948,F,17331
723,Robert Benauides,1972,M,94403
724,Jesse Allen,1967,M,40243
725,James Graham,1977,M,91711
726,Greta Gustason,1973,F,80538
727,Carlo Smith,1973,M,78741
728,Weldon Larsen,1940,M,94306
729,Daniel Palomares,1979,M,56567
730,Eva Vanner,1967,F,32114
731,Jackie Grajeda,1957,F,70403
732,Linda Cox,1970,F,98405
733,Penny Ereaux,1954,F,60630
734,Norma Black,1973,F,63108
735,Jean Brown,1969,F,85719
736,Erica Raman,1950,F,94618
737,Alfredo Malone,1968,M,98072
738,John Sanchez,1963,M,95403
739,John Wilusz,1963,M,73162
740,Jodi Thomas,1973,F,22206
741,Charles Risinger,1973,M,63108
742,Don Brasure,1963,M,29210
743,Michael Black,1967,M,92660
744,Horace Bond,1963,M,47024
745,Frederick Cloud,1956,M,55113
746,Joe Price,1973,M,19047
747,Rex Metz,1979,M,93612
748,Joseph Langley,1970,M,94720
749,Justin Petersen,1965,M,80919
750,Brock Vasquez,1970,M,32303
751,Norma Penix,1974,F,90034
752,Ralph Maugeri,1938,M,21201
753,Jacques Hopton,1942,M,91206
754,Jessica Whipple,1939,F,62901
755,Roxanne Belcher,1954,F,97007
756,Patricia Whiteman,1968,F,90247
757,Lawrence Yeoman,1972,M,55104
758,Joseph Butler,1971,M,53706
759,Elinore Christensen,1978,F,68503
760,Judith Coles,1963,F,14211
761,Tod Spence,1981,M,97302
762,Roger Hurley,1966,M,95050
763,Chris Hare,1971,M,02113
764,Rosa Williams,1971,F,62903
765,Troy Sparrow,1967,M,33066
766,Raymond Jacobsen,1956,M,10960
767,Chris Cross,1928,M,00000
768,Hubert Stevenson,1969,M,12866
769,Vincent Jones,1959,M,06927
770,Tyson Midgette,1970,M,14216
771,John Stanley,1972,M,15232
772,John Yeaton,1948,M,27105
773,Robert Platt,1978,M,55414
774,Charles Allen,1968,M,80027
775,Kenneth Goodman,1952,M,90036
776,Robert Brindle,1968,M,51157
777,Frank Alexander,1935,M,01810
778,Robert Martinez,1964,M,01960
779,Fred Granger,1967,M,K7L5J
780,Edward Soileau,1949,M,94560
781,Earl Mclaurin,1978,M,48825
782,Teresa Weckhorst,1977,F,33205
783,Larry Turley,1968,M,77081
784,Lance Smith,1951,M,91040
785,David Fraley,1966,M,23322
786,Maria Nolazco,1962,F,01754
787,Diann Spachtholz,1980,F,98620
788,Michael Wall,1947,M,05779
789,Barry Holloway,1969,M,55420
790,Hugh Connolly,1971,M,80913
791,Carl Bankston,1967,M,20064
792,Albert Rokus,1958,M,12205
793,Darren Diaz,1976,M,85281
794,James Heep,1966,M,57197
795,Jamey Whit,1968,M,08610
796,Kimberly Herrera,1966,F,33755
797,Elaine Santiago,1954,F,62522
798,Katherine Steege,1958,F,64131
799,Jeannette Grubbs,1949,F,19716
800,Wesley Stowe,1973,M,55337
801,John Johnson,1976,M,92154
802,Albert Brickley,1963,M,34105
803,Matthew Laster,1928,M,78212
804,Robert Anderson,1959,M,61820
805,Katina Keller,1971,F,20009
806,Calvin Smith,1971,M,11217
807,Marquerite Rosales,1957,F,93555
808,Jason Church,1953,M,90016
809,Alice Staley,1948,F,30803
810,Juana Mcgill,1943,F,80526
811,Margie Leach,1958,F,73013
812,Allan Skipper,1976,M,76234
813,Mae Isenhour,1984,F,02136
814,Robert Henderson,1968,M,12345
815,Robert Brown,1966,M,28806
816,Lewis Espinoza,1964,M,20755
817,Joseph Cotter,1979,M,60152
818,Scott Burroughs,1970,M,27514
819,James Higgins,1939,M,40205
820,Roger Barut,1976,M,37725
821,William Crum,1961,M,77845
822,Mary Horne,1969,F,53144
823,Alfred Rubel,1971,M,50322
824,Richard Soria,1967,M,15017
825,Benny Dipaola,1954,M,05452
826,Steven Lopez,1970,M,77048
827,Betty Nelson,1975,F,80228
828,Shawn Millet,1970,M,85282
829,Leonardo James,1950,M,80209
830,Bert Kendrick,1952,M,53066
831,Galen Clouse,1977,M,33765
832,Chris Longoria,1974,M,77042
833,Sammy Hoover,1964,M,90019
834,Lonnie Rodriguez,1972,M,64153
835,Jennifer Navejas,1954,F,11577
836,Louis Hickson,1954,M,10018
837,Ida Higbee,1962,F,55409
838,Milton Minichiello,1975,M,01375
839,Carolyn Barnett,1960,F,90814
840,Tyson Pratt,1959,M,55406
841,Leonard Taylor,1953,M,47401
842,Douglas Williams,1958,M,93055
843,Nicholas Pickering,1963,M,44212
844,John Castilo,1976,M,95662
845,Gregory Deese,1934,M,97405
846,Chad Hatton,1971,M,47130
847,Douglas Foster,1969,M,55417
848,Kenneth Scott,1952,M,02146
849,Cara Lusk,1983,F,25652
850,Michael Lucero,1964,M,78390
851,George Lemoine,1980,M,29646
852,Phillip Savage,1952,M,94086
853,Robert Bowling,1949,M,40515
854,Marissa Golden,1969,F,55408
855,David Cox,1945,M,04988
856,Lydia Roberts,1955,F,97215
857,Nichole Husbands,1963,F,V1G4L
858,Ted Parker,1935,M,09645
859,Audrey Pearson,1980,F,06492
860,Annette Trotter,1928,F,48322
861,Betty Markis,1960,F,14085
862,Michael Benjamin,1973,M,13820
863,Anthony Cedar,1981,M,60089
864,Joshua Kotas,1971,M,63021
865,Charles Jones,1973,M,11231
866,Melvin Collar,1953,M,60302
867,Jacob Mcnitt,1974,M,92507
868,Tim Treadway,1977,M,55303
869,James Browne,1968,M,10025
870,Robert Ware,1976,M,65203
871,Randall Cain,1967,M,44648
872,Alissa Borgen,1979,F,74078
873,Doris Schmidt,1950,F,33763
874,Patrick Fowler,1962,M,37076
875,Ruth Tankersley,1974,F,35802
876,Robert Vargas,1957,M,20902
877,Graig Dean,1968,M,77504
878,Leslie Mayberry,1948,F,98027
879,Jennifer Davis,1965,F,55337
880,David Kelso,1985,M,83702
881,Michael Valdez,1959,M,43017
882,Nicholas Moore,1963,M,40503
883,Jeff Addington,1949,M,50266
884,James Christ,1954,M,55337
885,Rhonda Miller,1968,F,95316
886,Jesus Rollins,1978,M,61820
887,Lorilee Weaver,1984,F,27249
888,Mark Hoar,1957,M,17036
889,Kevin Wibbens,1974,M,78704
890,Joseph Melton,1966,M,97301
891,Laurie Etsitty,1947,F,03062
892,George Major,1962,M,45243
893,Robert Tackett,1973,M,95823
894,Howard Elam,1951,M,74075
895,Margie Harris,1967,F,32301
896,Ray Perez,1970,M,91505
897,Joey Thau,1968,M,33484
898,Clarence Carter,1975,M,61755
899,Nicholas Fisher,1966,M,55116
900,William Solomon,1938,M,18505
901,John Saunders,1960,M,L1V3W
902,Vergie Sheets,1953,F,97203
903,Brian Lundberg,1970,M,20850
904,Jennifer Brandenburg,1981,F,61073
905,David Kahill,1971,M,30350
906,Nathaniel Bresnahan,1953,M,70124
907,Karen Nelson,1973,F,80526
908,Patty Dix,1954,F,68504
909,Isabella Otis,1948,F,53171
910,John Suzuki,1970,M,29301
911,Shelley Young,1961,F,53210
912,Jason Hardy,1947,M,06512
913,Jacob Johnson,1971,M,76201
914,Catherine Parker,1954,F,08105
915,Frank Mosley,1948,M,60614
916,Miguel Hernandez,1971,M,N2L5N
917,Sally Vazquez,1976,F,20006
918,Armando Davis,1958,M,70116
919,Bobby Lall,1973,M,14216
920,Ruby Lewis,1968,F,90008
921,Helen Jordan,1978,F,98801
922,Debora Coffman,1969,F,21114
923,Jason Lee,1977,M,E2E3R
924,Dave Quezada,1969,M,11753
925,Marilyn Burnside,1980,F,49036
926,Mark Chittum,1949,M,01701
927,Samuel Reid,1975,M,55428
928,Harold Zemlicka,1977,M,55408
929,Edward Robinson,1954,M,53711
930,Cleo Feinberg,1970,F,07310
931,Lance Wilson,1938,M,33556
932,Chadwick Meeker,1940,M,06437
933,John Sorenson,1970,M,48105
934,Lloyd Barber,1937,M,22902
935,Kenneth Miller,1956,M,66221
936,Edgar Girdler,1974,M,32789
937,Bruce Stickland,1950,M,98072
938,Erica Rome,1960,F,55038
939,Kim Privitera,1972,F,33319
940,Louis Quarry,1966,M,02215
941,Quinton Reamer,1978,M,97229
942,Ruby Bridges,1950,F,78209
943,Dannie Cintron,1976,M,77841
